{"IEJ5pGXukf7onHkHN7syrg==":"background3.jpg","tTsUms/X/iP0tKgNqK7Z7A==":"background4.jpg","SmiyczDYLJw+mNHym20Gag==":"face8.jpg","+hPgf1SGtHTMAlLjyXKwLw==":"sign.jpg","bjHPPhZ2rUhEQ1pFcrzF5Q==":"02.jpg","PCfdG1CmG7PGdgP1yuTovA==":"03.jpg","toZwVxlvypsrq04xJzoXqQ==":"01.jpg","q1e3g54ZSmS4qX0nl2NloA==":"06-1920x1281.jpg","6lzs3JOSqbkp9rpGaXKzbg==":"14-1920x1280.jpg","5BBjjt5dU9KQixAnxtzirQ==":"09.jpg","eOx3sMVBsOQKcbT5HdsxeA==":"background1.jpg","9pghyhWzGjrXAC5+CqrEzw==":"face1.jpg","5USDYirPs2RKSxN7HFjwHA==":"face2.jpg","CmagAHQObmZq/gJ21MkGVg==":"face3.jpg","oCDMCGZsEuBqTBnKNW19Hg==":"face4.jpg","J8R+IG7iUfvkogsc6Y4Hhg==":"face5.jpg","m6yXEwKl1THjwW0KBNIy2g==":"08.jpg","Gph1J5nBj2u08qs6fnw4HQ==":"background2.jpg","Bo0iFFK9FNW8mzu/qTxZPw==":"honda_logo.svg","AjEJJM4vx0Eu0cjzRz+dSA==":"vario-125-20200608-1280x233.jpeg","o35NQCfwyusiI5xAwpUaCw==":"honda_logo.png","LL1i6mkT3Cy2Wqb+3DSlcA==":"whatsapp%20image%202020-09-20%20at%2019.09.30-774x1032.jpg","MWa5TXgPaH8uDqs4ATKpYg==":"63168-515x504.png","cbOqFPZ1j64LOqI+QRUzvw==":"63168-1-515x504.png","CQx77MxqGn73xNj0wXkJ5w==":"19476-515x504.jpg","pIr+9UW+18HTq+QGA0ADYQ==":"21364-519x519.jpg","jFb6b8LxneQUBnNOEkH1ow==":"kisspng-honda-beat-honda-motor-company-car-motorcycle-scoo-sewa-motor-di-magelang-sewa-motor-magelang-5be587d4c9d928.2493027215417691728268-519x360.png","Xq+zRsKTPg1jfVgkiNbCUg==":"kisspng-honda-beat-street-esp-pt-astra-honda-motor-motorcy-honda-beat-5b3604d0e450f4.4999836415302668329352-514x504.png","aMoG0EoyKagDcVzhM/GOXw==":"76965-519x216.jpeg","qxtO9p2vTzLOtiRgo4imgg==":"86268-519x216.jpeg","WK6qLRyA2RrYGf4dc4QBug==":"kisspng-honda-beat-street-esp-pt-astra-honda-motor-motorcy-honda-beat-5b3604d0e450f4.4999836415302668329352-1-514x504.png","L2kjHSjS8leRrSF7P7tyQQ==":"harga-motor-honda-vario-125-esp-519x499.png","Pj9KBO/1lCwpYx6kGI18NA==":"63168-2-515x504.png","Pkx80k9buUpD4tzP4y3yVw==":"kisspng-honda-beat-honda-motor-company-car-motorcycle-scoo-sewa-motor-di-magelang-sewa-motor-magelang-5be587d4c9d928.2493027215417691728268-1-519x360.png","inCsmDIJzf9Dhx4xjLBZbw==":"63168-3-515x504.png","01CZrYjsvz5d3ZNx8YnOSw==":"27048-515x504.png","DLe1usAYt1mea7M+8KHAKw==":"background1-1.jpg","HGjK12u3oz3sU+4D8t7fPQ==":"whatsapp%20image%202020-09-20%20at%2019.09.29-774x1032.jpg","OX7TSRhWbfT50qElnJsHXQ==":"whatsapp%20image%202020-09-20%20at%2019.09.29-774x1032.jpg","hBRILKn/hhDIRYK/wNVuAw==":"img_logo_honda-121x20.png","xQeps8yteOQRvmwGfIFunA==":"honda-putih%20logo-252x203.png","LL2GVBnvvm2FM5TOo5XPrQ==":"whatsapp%20image%202020-09-20%20at%2019.09.30-774x1032.jpg","C7YaHmIwVwJDnkzV0JpGKA==":"whatsapp%20image%202020-09-20%20at%2019.09.30-774x1032.jpeg","luLF1HcfJSn5LOsOMBgemg==":"94896-515x504.png","NxhiNdwL6yh7msw7jBeXrA==":"96447-515x504.png","hFkGfC5ClrbHM0GxjbY24A==":"whatsapp%20image%202020-09-20%20at%2019.00.54-662x980.jpg","tah/qgwfgMhIcHKbk0RH+w==":"background3.jpg","AZI98GFv/aC8BbYf8alN+g==":"79396-510x499.jpg","3Qkk7tOzyauMl4VqCkcD+w==":"19476%20(1)-510x499.jpg","tEIeBZ9lC4dU4DxXtXubzw==":"65273-510x499.jpg","U7g1p3SsbfZE/sJPN9uy8w==":"96328-510x499.jpg","NwBq4D7y63CpRpAUDDNJpQ==":"86285-510x499.jpg","2t+Q0/A7DkFJs5yNrvJRYw==":"45110-510x499.jpg","19+ydmJ7x47vRtrqs8PRUg==":"25087-510x499.png","1S06SechTP8D8/vmyIQDVA==":"52420-510x499.png","xiJSr5ZjvlsfA0H4rkUGGw==":"34741-510x499.png","LIBRYR54B68QHzoebMd0nA==":"18740-510x499.png","R3ejyGtcetc1+YJjH7JsHg==":"18222-510x499.png","SgJ4KlVh9+Gq4GdrAmD7LA==":"30509-510x499.png","Pkl+Urkd1+WEASp6Z2sIHQ==":"81466-510x499.png","7++CzPo+Mdl8raWVIZt6rg==":"26379-510x499.png","ThZx1OYldrU3EaQO0fRWQQ==":"95466-510x499.png","z77qxLmpmDxQeXBidg5rvQ==":"84490-510x499.png","UEfZzTYkTkCWKSWcPkJ07Q==":"27255-510x499.png","4o0nlb5jOZK5X3XDBPDW4Q==":"79159-510x499.png","8KYg2RTJ8lchCaxOjgTABw==":"91385-510x499.png","ku7QoJOzxOoP09KVCwTPEg==":"41013-510x499.png","Q2mStDlBQu19p/qDVF1oBg==":"18844-510x499.png","onH3Fqkpo0DEjPMjxR4ZMQ==":"25211-510x499.png","xWjeHUgL90vzm1cSozRFmA==":"93999-510x499.png","LkAhBdjrowT/mf8xMwrehQ==":"17045-510x499.png","ZkPiTL4ZP1ESitCt21FhdA==":"96857-510x499.png","kuS78uj4xV0SfE2Ej96MYw==":"98824-510x499.png","8Nput3Yy5aiZrlCWqnd1HA==":"86151-510x499.png","OVMKOGlEkapUI2Egqxarfw==":"93474-510x499.png","dYuaeSW7i/Sy1k5nAvM99g==":"34157-510x499.png","kwUAKu5sbXmG9stmTJlVBQ==":"27547-510x499.jpg","9egItWtptMnRYCDj3etmXQ==":"57424-510x499.jpg","C5UBfYmVnOQAYfp35ARn7Q==":"11411-510x499.png","2RBfSmbw9unMIrvRPjnQjQ==":"19172-510x499.png","9JlXmN6FNWcDu6R8Mhnuxg==":"22451-510x499.png","+Nwd5scfxBMPRrdV+U/G+g==":"22231-510x499.png","VHJkpWVa4fpKQSMq4uJWDA==":"40832-510x499.png","J8+Dpv12OF3VJlpCgCChRg==":"29357-510x499.png","zApbhsLVsUm+78HIC0OiEg==":"47539-510x499.png","e5fxroLrwpajNaV6HPG4vQ==":"59308-510x499.png","GMBEQlkAtaIdoDhN7hImJQ==":"22537-510x499.png","AlLfXujZfnS8dc0KEVWEaA==":"40924-510x499.png","XFGFmTUxgBxC1ZFhStrI2A==":"78593-510x499.png","I7Ct0tq9tGRY9WGWYNN85w==":"72334-510x499.png","gNGgXiHNGjz2MKsHIbexnQ==":"photo_2020-12-07_14-09-46-662x980.jpg"}